{
    "_runtime": 43,
    "_timestamp": 1739807381,
    "eval/avr": 34.32087354150569,
    "eval/runtime": 25.8383,
    "eval/samples_per_second": 0.039,
    "eval/steps_per_second": 0.039,
    "eval/translate/clip": 0.40390604734420776,
    "eval/translate/d-clip": 0.24192482233047485,
    "eval/translate/l2": 155.260498046875,
    "eval/translate/psnr": 15.135392189025879,
    "eval/translate/ssim": 0.5626466019528856,
    "eval/weighted_loss": 0.0,
    "eval_samples": 1
}