{
    "eval/avr": 27.579763811952724,
    "eval/runtime": 31.6666,
    "eval/samples_per_second": 0.032,
    "eval/steps_per_second": 0.032,
    "eval/translate/clip": 0.3739597201347351,
    "eval/translate/clip_left": 0.3739597201347351,
    "eval/translate/clip_right": 0.3739597201347351,
    "eval/translate/d-clip": 0.2248203009366989,
    "eval/translate/d-clip_left": 0.2248203009366989,
    "eval/translate/d-clip_right": 0.2248203009366989,
    "eval/translate/l2": 234.50428771972656,
    "eval/translate/psnr": 11.553596496582031,
    "eval/translate/ssim": 0.36365002805161845,
    "eval/weighted_loss": 0.0,
    "eval_samples": 1
}