{
    "eval/avr": 22.754403217545406,
    "eval/runtime": 69.7124,
    "eval/samples_per_second": 0.014,
    "eval/steps_per_second": 0.014,
    "eval/translate/clip": 0.29554125666618347,
    "eval/translate/clip_left": 0.29554125666618347,
    "eval/translate/clip_right": 0.29554125666618347,
    "eval/translate/d-clip": 0.08813297748565674,
    "eval/translate/d-clip_left": 0.08813297748565674,
    "eval/translate/d-clip_right": 0.08813297748565674,
    "eval/translate/l2": 189.7628631591797,
    "eval/translate/psnr": 13.392387390136719,
    "eval/translate/ssim": 0.48335570613673995,
    "eval/weighted_loss": 0.0,
    "eval_samples": 1
}