{
    "_runtime": 103,
    "_timestamp": 1739806017,
    "eval/avr": 34.0438956251946,
    "eval/runtime": 85.678,
    "eval/samples_per_second": 0.012,
    "eval/steps_per_second": 0.012,
    "eval/translate/clip": 0.4005042016506195,
    "eval/translate/d-clip": 0.24683299660682678,
    "eval/translate/l2": 153.7932586669922,
    "eval/translate/psnr": 15.217865943908691,
    "eval/translate/ssim": 0.5610163168146906,
    "eval/weighted_loss": 0.0,
    "eval_samples": 1
}