{
    "eval/avr": 22.98856569182761,
    "eval/runtime": 39.2868,
    "eval/samples_per_second": 0.025,
    "eval/steps_per_second": 0.025,
    "eval/translate/clip": 0.1586054116487503,
    "eval/translate/clip_left": 0.1586054116487503,
    "eval/translate/clip_right": 0.1586054116487503,
    "eval/translate/d-clip": 0.014069365337491035,
    "eval/translate/d-clip_left": 0.014069365337491035,
    "eval/translate/d-clip_right": 0.014069365337491035,
    "eval/translate/l2": 192.6861114501953,
    "eval/translate/psnr": 13.259603500366211,
    "eval/translate/ssim": 0.4333519449282471,
    "eval/weighted_loss": 0.0,
    "eval_samples": 1
}