{
    "eval/avr": 20.112738318361735,
    "eval/runtime": 37.9469,
    "eval/samples_per_second": 0.026,
    "eval/steps_per_second": 0.026,
    "eval/translate/clip": 0.35670191049575806,
    "eval/translate/clip_left": 0.35670191049575806,
    "eval/translate/clip_right": 0.35670191049575806,
    "eval/translate/d-clip": 0.1237349733710289,
    "eval/translate/d-clip_left": 0.1237349733710289,
    "eval/translate/d-clip_right": 0.1237349733710289,
    "eval/translate/l2": 164.48109436035156,
    "eval/translate/psnr": 14.634292602539062,
    "eval/translate/ssim": 0.45794725076460985,
    "eval/weighted_loss": 0.0,
    "eval_samples": 1
}