{
    "eval/avr": 17.45218903343416,
    "eval/runtime": 31.2141,
    "eval/samples_per_second": 0.032,
    "eval/steps_per_second": 0.032,
    "eval/translate/clip": 0.37268316745758057,
    "eval/translate/clip_left": 0.37268316745758057,
    "eval/translate/clip_right": 0.37268316745758057,
    "eval/translate/d-clip": 0.1952352672815323,
    "eval/translate/d-clip_left": 0.1952352672815323,
    "eval/translate/d-clip_right": 0.1952352672815323,
    "eval/translate/l2": 138.65757751464844,
    "eval/translate/psnr": 16.117740631103516,
    "eval/translate/ssim": 0.5906278509381359,
    "eval/weighted_loss": 0.0,
    "eval_samples": 1
}