{
    "eval/avr": 28.407091247262343,
    "eval/runtime": 28.6027,
    "eval/samples_per_second": 0.035,
    "eval/steps_per_second": 0.035,
    "eval/translate/clip": 0.35045066475868225,
    "eval/translate/d-clip": 0.17686967551708221,
    "eval/translate/l2": 123.75447845458984,
    "eval/translate/psnr": 17.105392456054688,
    "eval/translate/ssim": 0.6482649853914202,
    "eval/weighted_loss": 0.0,
    "eval_samples": 1
}