{
    "eval/avr": 20.975837050596837,
    "eval/runtime": 31.5058,
    "eval/samples_per_second": 0.032,
    "eval/steps_per_second": 0.032,
    "eval/translate/clip": 0.35095566511154175,
    "eval/translate/clip_left": 0.35095566511154175,
    "eval/translate/clip_right": 0.35095566511154175,
    "eval/translate/d-clip": 0.1634739339351654,
    "eval/translate/d-clip_left": 0.1634739339351654,
    "eval/translate/d-clip_right": 0.1634739339351654,
    "eval/translate/l2": 172.52662658691406,
    "eval/translate/psnr": 14.219489097595215,
    "eval/translate/ssim": 0.4931289737221265,
    "eval/weighted_loss": 0.0,
    "eval_samples": 1
}