{
    "eval/avr": 19.659144168748313,
    "eval/runtime": 35.3224,
    "eval/samples_per_second": 0.028,
    "eval/steps_per_second": 0.028,
    "eval/translate/clip": 0.348679780960083,
    "eval/translate/clip_left": 0.348679780960083,
    "eval/translate/clip_right": 0.348679780960083,
    "eval/translate/d-clip": 0.1061699390411377,
    "eval/translate/d-clip_left": 0.1061699390411377,
    "eval/translate/d-clip_right": 0.1061699390411377,
    "eval/translate/l2": 160.24282836914062,
    "eval/translate/psnr": 14.861040115356445,
    "eval/translate/ssim": 0.46387987423406346,
    "eval/weighted_loss": 0.0,
    "eval_samples": 1
}