{
    "eval/avr": 16.62192617892465,
    "eval/runtime": 42.2032,
    "eval/samples_per_second": 0.024,
    "eval/steps_per_second": 0.024,
    "eval/translate/clip": 0.3449089229106903,
    "eval/translate/clip_left": 0.3449089229106903,
    "eval/translate/clip_right": 0.3449089229106903,
    "eval/translate/d-clip": 0.11180959641933441,
    "eval/translate/d-clip_left": 0.11180959641933441,
    "eval/translate/d-clip_right": 0.11180959641933441,
    "eval/translate/l2": 131.12059020996094,
    "eval/translate/psnr": 16.603195190429688,
    "eval/translate/ssim": 0.503394651941124,
    "eval/weighted_loss": 0.0,
    "eval_samples": 1
}