{
    "eval/avr": 23.85752560092576,
    "eval/runtime": 38.961,
    "eval/samples_per_second": 0.026,
    "eval/steps_per_second": 0.026,
    "eval/translate/clip": 0.2212437093257904,
    "eval/translate/clip_left": 0.2212437093257904,
    "eval/translate/clip_right": 0.2212437093257904,
    "eval/translate/d-clip": 0.10305224359035492,
    "eval/translate/d-clip_left": 0.10305224359035492,
    "eval/translate/d-clip_right": 0.10305224359035492,
    "eval/translate/l2": 200.47543334960938,
    "eval/translate/psnr": 12.915388107299805,
    "eval/translate/ssim": 0.354021092674226,
    "eval/weighted_loss": 0.0,
    "eval_samples": 1
}