encode_text,decode_text,clip,dclip,psnr,ssim,l2
A picture of a grey bedroom.,A Van Gogh-style painting of a grey bedroom.,0.2817278802394867,0.04310033097863197,17.47698211669922,0.7128363601569226,118.57182312011719
