{
    "eval/avr": 28.978823832844895,
    "eval/runtime": 44.5161,
    "eval/samples_per_second": 0.022,
    "eval/steps_per_second": 0.022,
    "eval/translate/clip": 0.3857440650463104,
    "eval/translate/clip_left": 0.3857440650463104,
    "eval/translate/clip_right": 0.3857440650463104,
    "eval/translate/d-clip": 0.18763118982315063,
    "eval/translate/d-clip_left": 0.18763118982315063,
    "eval/translate/d-clip_right": 0.18763118982315063,
    "eval/translate/l2": 247.72605895996094,
    "eval/translate/psnr": 11.077177047729492,
    "eval/translate/ssim": 0.28605272330526166,
    "eval/weighted_loss": 0.0,
    "eval_samples": 1
}