{
    "eval/avr": 16.51504920198739,
    "eval/runtime": 43.1855,
    "eval/samples_per_second": 0.023,
    "eval/steps_per_second": 0.023,
    "eval/translate/clip": 0.3865668773651123,
    "eval/translate/clip_left": 0.3865668773651123,
    "eval/translate/clip_right": 0.3865668773651123,
    "eval/translate/d-clip": 0.18089509010314941,
    "eval/translate/d-clip_left": 0.18089509010314941,
    "eval/translate/d-clip_right": 0.18089509010314941,
    "eval/translate/l2": 129.7105712890625,
    "eval/translate/psnr": 16.69710350036621,
    "eval/translate/ssim": 0.5253821260530226,
    "eval/weighted_loss": 0.0,
    "eval_samples": 1
}