{
    "eval/avr": 30.172869444552987,
    "eval/runtime": 28.7279,
    "eval/samples_per_second": 0.035,
    "eval/steps_per_second": 0.035,
    "eval/translate/clip": 0.4012662172317505,
    "eval/translate/d-clip": 0.2162128984928131,
    "eval/translate/l2": 133.2697296142578,
    "eval/translate/psnr": 16.46198081970215,
    "eval/translate/ssim": 0.5151576730803967,
    "eval/weighted_loss": 0.0,
    "eval_samples": 1
}