{
    "eval/avr": 16.19310633989541,
    "eval/runtime": 37.9596,
    "eval/samples_per_second": 0.026,
    "eval/steps_per_second": 0.026,
    "eval/translate/clip": 0.2615259885787964,
    "eval/translate/clip_left": 0.2615259885787964,
    "eval/translate/clip_right": 0.2615259885787964,
    "eval/translate/d-clip": 0.01610601879656315,
    "eval/translate/d-clip_left": 0.01610601879656315,
    "eval/translate/d-clip_right": 0.01610601879656315,
    "eval/translate/l2": 127.41031646728516,
    "eval/translate/psnr": 16.852519989013672,
    "eval/translate/ssim": 0.6422245806338153,
    "eval/weighted_loss": 0.0,
    "eval_samples": 1
}