{
    "eval/avr": 27.41729396163829,
    "eval/runtime": 28.6712,
    "eval/samples_per_second": 0.035,
    "eval/steps_per_second": 0.035,
    "eval/translate/clip": 0.2817278802394867,
    "eval/translate/d-clip": 0.04310033097863197,
    "eval/translate/l2": 118.57182312011719,
    "eval/translate/psnr": 17.47698211669922,
    "eval/translate/ssim": 0.7128363601569226,
    "eval/weighted_loss": 0.0,
    "eval_samples": 1
}