{
    "eval/avr": 18.525858965750366,
    "eval/runtime": 31.4244,
    "eval/samples_per_second": 0.032,
    "eval/steps_per_second": 0.032,
    "eval/translate/clip": 0.3666919469833374,
    "eval/translate/clip_left": 0.3666919469833374,
    "eval/translate/clip_right": 0.3666919469833374,
    "eval/translate/d-clip": 0.13531434535980225,
    "eval/translate/d-clip_left": 0.13531434535980225,
    "eval/translate/d-clip_right": 0.13531434535980225,
    "eval/translate/l2": 149.00479125976562,
    "eval/translate/psnr": 15.492606163024902,
    "eval/translate/ssim": 0.7293143919333339,
    "eval/weighted_loss": 0.0,
    "eval_samples": 1
}