{
    "eval/avr": 16.226931286480244,
    "eval/runtime": 44.7675,
    "eval/samples_per_second": 0.022,
    "eval/steps_per_second": 0.022,
    "eval/translate/clip": 0.39235013723373413,
    "eval/translate/clip_left": 0.39235013723373413,
    "eval/translate/clip_right": 0.39235013723373413,
    "eval/translate/d-clip": 0.18380379676818848,
    "eval/translate/d-clip_left": 0.18380379676818848,
    "eval/translate/d-clip_right": 0.18380379676818848,
    "eval/translate/l2": 126.89083099365234,
    "eval/translate/psnr": 16.88800621032715,
    "eval/translate/ssim": 0.5350825723369196,
    "eval/weighted_loss": 0.0,
    "eval_samples": 1
}